{"stats":{"minecraft:custom":{"minecraft:time_since_rest":13296,"minecraft:crouch_one_cm":69,"minecraft:sprint_one_cm":4656,"minecraft:play_time":13296,"minecraft:walk_one_cm":6340,"minecraft:sneak_time":274,"minecraft:walk_under_water_one_cm":19321,"minecraft:mob_kills":14,"minecraft:jump":32,"minecraft:damage_dealt":284,"minecraft:leave_game":3,"minecraft:walk_on_water_one_cm":1848,"minecraft:time_since_death":13296,"minecraft:climb_one_cm":76,"minecraft:total_world_time":13296,"minecraft:swim_one_cm":1011,"minecraft:fall_one_cm":209,"minecraft:fly_one_cm":214602},"minecraft:used":{"nzgmaddon:revolver":29,"additionalguns:usas12":53,"max_armory_exp:diamond_saber":5,"minecraft:lingering_potion":25},"minecraft:picked_up":{"alexsmobs:kangaroo_hide":1,"alexsmobs:kangaroo_meat":1},"minecraft:killed":{"minecraft:sheep":4,"minecraft:zombie":4,"alexsmobs:elephant":1,"alexsmobs:kangaroo":5}},"DataVersion":3120}