{"stats":{"minecraft:used":{"tombstone:gift":10,"alexsmobs:spawn_egg_leafcutter_ant":4},"minecraft:dropped":{"tombstone:grave_key":1},"minecraft:custom":{"minecraft:jump":41,"minecraft:time_since_rest":5190,"minecraft:damage_dealt":30,"minecraft:damage_taken":275,"minecraft:leave_game":2,"minecraft:time_since_death":6363,"minecraft:play_time":6916,"minecraft:sprint_one_cm":8360,"minecraft:walk_one_cm":4443,"minecraft:walk_on_water_one_cm":2178,"minecraft:deaths":1,"minecraft:sneak_time":272,"minecraft:total_world_time":6916,"minecraft:walk_under_water_one_cm":2073,"minecraft:swim_one_cm":8717,"minecraft:drop":1,"minecraft:fly_one_cm":125672}},"DataVersion":3465}